{"name":"_dll_dllLibrary","content":{"./node_modules/_react-router@4.3.1@react-router/es/Route.js":{"id":"./node_modules/_react-router@4.3.1@react-router/es/Route.js","buildMeta":{"exportsType":"namespace","providedExports":["default"]}},"./node_modules/_webpack@4.27.1@webpack/buildin/global.js":{"id":"./node_modules/_webpack@4.27.1@webpack/buildin/global.js","buildMeta":{"providedExports":true}},"./node_modules/_connected-react-router@6.0.0@connected-react-router/lib/createAll.js":{"id":"./node_modules/_connected-react-router@6.0.0@connected-react-router/lib/createAll.js","buildMeta":{"providedExports":true}},"./node_modules/_connected-react-router@6.0.0@connected-react-router/lib/actions.js":{"id":"./node_modules/_connected-react-router@6.0.0@connected-react-router/lib/actions.js","buildMeta":{"providedExports":true}},"./node_modules/_connected-react-router@6.0.0@connected-react-router/lib/ConnectedRouter.js":{"id":"./node_modules/_connected-react-router@6.0.0@connected-react-router/lib/ConnectedRouter.js","buildMeta":{"providedExports":true}},"./node_modules/_react@16.7.0-alpha.2@react/index.js":{"id":"./node_modules/_react@16.7.0-alpha.2@react/index.js","buildMeta":{"providedExports":true}},"./node_modules/_react@16.7.0-alpha.2@react/cjs/react.development.js":{"id":"./node_modules/_react@16.7.0-alpha.2@react/cjs/react.development.js","buildMeta":{"providedExports":true}},"./node_modules/_object-assign@4.1.1@object-assign/index.js":{"id":"./node_modules/_object-assign@4.1.1@object-assign/index.js","buildMeta":{"providedExports":true}},"./node_modules/_prop-types@15.6.2@prop-types/checkPropTypes.js":{"id":"./node_modules/_prop-types@15.6.2@prop-types/checkPropTypes.js","buildMeta":{"providedExports":true}},"./node_modules/_prop-types@15.6.2@prop-types/lib/ReactPropTypesSecret.js":{"id":"./node_modules/_prop-types@15.6.2@prop-types/lib/ReactPropTypesSecret.js","buildMeta":{"providedExports":true}},"./node_modules/_prop-types@15.6.2@prop-types/index.js":{"id":"./node_modules/_prop-types@15.6.2@prop-types/index.js","buildMeta":{"providedExports":true}},"./node_modules/_prop-types@15.6.2@prop-types/factoryWithTypeCheckers.js":{"id":"./node_modules/_prop-types@15.6.2@prop-types/factoryWithTypeCheckers.js","buildMeta":{"providedExports":true}},"./node_modules/_react-redux@6.0.0@react-redux/es/index.js":{"id":"./node_modules/_react-redux@6.0.0@react-redux/es/index.js","buildMeta":{"exportsType":"namespace","providedExports":["Provider","connectAdvanced","ReactReduxContext","connect"]}},"./node_modules/_react-redux@6.0.0@react-redux/es/components/Provider.js":{"id":"./node_modules/_react-redux@6.0.0@react-redux/es/components/Provider.js","buildMeta":{"exportsType":"namespace","providedExports":["default"]}},"./node_modules/_@babel_runtime@7.2.0@@babel/runtime/helpers/esm/inheritsLoose.js":{"id":"./node_modules/_@babel_runtime@7.2.0@@babel/runtime/helpers/esm/inheritsLoose.js","buildMeta":{"exportsType":"namespace","providedExports":["default"]}},"./node_modules/_react-redux@6.0.0@react-redux/es/components/Context.js":{"id":"./node_modules/_react-redux@6.0.0@react-redux/es/components/Context.js","buildMeta":{"exportsType":"namespace","providedExports":["ReactReduxContext","default"]}},"./node_modules/_react-redux@6.0.0@react-redux/es/components/connectAdvanced.js":{"id":"./node_modules/_react-redux@6.0.0@react-redux/es/components/connectAdvanced.js","buildMeta":{"exportsType":"namespace","providedExports":["default"]}},"./node_modules/_@babel_runtime@7.2.0@@babel/runtime/helpers/esm/assertThisInitialized.js":{"id":"./node_modules/_@babel_runtime@7.2.0@@babel/runtime/helpers/esm/assertThisInitialized.js","buildMeta":{"exportsType":"namespace","providedExports":["default"]}},"./node_modules/_@babel_runtime@7.2.0@@babel/runtime/helpers/esm/extends.js":{"id":"./node_modules/_@babel_runtime@7.2.0@@babel/runtime/helpers/esm/extends.js","buildMeta":{"exportsType":"namespace","providedExports":["default"]}},"./node_modules/_@babel_runtime@7.2.0@@babel/runtime/helpers/esm/objectWithoutPropertiesLoose.js":{"id":"./node_modules/_@babel_runtime@7.2.0@@babel/runtime/helpers/esm/objectWithoutPropertiesLoose.js","buildMeta":{"exportsType":"namespace","providedExports":["default"]}},"./node_modules/_hoist-non-react-statics@3.2.1@hoist-non-react-statics/dist/hoist-non-react-statics.cjs.js":{"id":"./node_modules/_hoist-non-react-statics@3.2.1@hoist-non-react-statics/dist/hoist-non-react-statics.cjs.js","buildMeta":{"providedExports":true}},"./node_modules/_react-is@16.6.3@react-is/index.js":{"id":"./node_modules/_react-is@16.6.3@react-is/index.js","buildMeta":{"providedExports":true}},"./node_modules/_react-is@16.6.3@react-is/cjs/react-is.development.js":{"id":"./node_modules/_react-is@16.6.3@react-is/cjs/react-is.development.js","buildMeta":{"providedExports":true}},"./node_modules/_invariant@2.2.4@invariant/browser.js":{"id":"./node_modules/_invariant@2.2.4@invariant/browser.js","buildMeta":{"providedExports":true}},"./node_modules/_react-redux@6.0.0@react-redux/es/connect/connect.js":{"id":"./node_modules/_react-redux@6.0.0@react-redux/es/connect/connect.js","buildMeta":{"exportsType":"namespace","providedExports":["createConnect","default"]}},"./node_modules/_react-redux@6.0.0@react-redux/es/utils/shallowEqual.js":{"id":"./node_modules/_react-redux@6.0.0@react-redux/es/utils/shallowEqual.js","buildMeta":{"exportsType":"namespace","providedExports":["default"]}},"./node_modules/_react-redux@6.0.0@react-redux/es/connect/mapDispatchToProps.js":{"id":"./node_modules/_react-redux@6.0.0@react-redux/es/connect/mapDispatchToProps.js","buildMeta":{"exportsType":"namespace","providedExports":["whenMapDispatchToPropsIsFunction","whenMapDispatchToPropsIsMissing","whenMapDispatchToPropsIsObject","default"]}},"./node_modules/_redux@4.0.1@redux/es/redux.js":{"id":"./node_modules/_redux@4.0.1@redux/es/redux.js","buildMeta":{"exportsType":"namespace","providedExports":["createStore","combineReducers","bindActionCreators","applyMiddleware","compose","__DO_NOT_USE__ActionTypes"]}},"./node_modules/_symbol-observable@1.2.0@symbol-observable/es/index.js":{"id":"./node_modules/_symbol-observable@1.2.0@symbol-observable/es/index.js","buildMeta":{"exportsType":"namespace","providedExports":["default"]}},"./node_modules/_webpack@4.27.1@webpack/buildin/harmony-module.js":{"id":"./node_modules/_webpack@4.27.1@webpack/buildin/harmony-module.js","buildMeta":{"providedExports":true}},"./node_modules/_symbol-observable@1.2.0@symbol-observable/es/ponyfill.js":{"id":"./node_modules/_symbol-observable@1.2.0@symbol-observable/es/ponyfill.js","buildMeta":{"exportsType":"namespace","providedExports":["default"]}},"./node_modules/_react-redux@6.0.0@react-redux/es/connect/wrapMapToProps.js":{"id":"./node_modules/_react-redux@6.0.0@react-redux/es/connect/wrapMapToProps.js","buildMeta":{"exportsType":"namespace","providedExports":["wrapMapToPropsConstant","getDependsOnOwnProps","wrapMapToPropsFunc"]}},"./node_modules/_react-redux@6.0.0@react-redux/es/utils/verifyPlainObject.js":{"id":"./node_modules/_react-redux@6.0.0@react-redux/es/utils/verifyPlainObject.js","buildMeta":{"exportsType":"namespace","providedExports":["default"]}},"./node_modules/_react-redux@6.0.0@react-redux/es/utils/isPlainObject.js":{"id":"./node_modules/_react-redux@6.0.0@react-redux/es/utils/isPlainObject.js","buildMeta":{"exportsType":"namespace","providedExports":["default"]}},"./node_modules/_react-redux@6.0.0@react-redux/es/utils/warning.js":{"id":"./node_modules/_react-redux@6.0.0@react-redux/es/utils/warning.js","buildMeta":{"exportsType":"namespace","providedExports":["default"]}},"./node_modules/_react-redux@6.0.0@react-redux/es/connect/mapStateToProps.js":{"id":"./node_modules/_react-redux@6.0.0@react-redux/es/connect/mapStateToProps.js","buildMeta":{"exportsType":"namespace","providedExports":["whenMapStateToPropsIsFunction","whenMapStateToPropsIsMissing","default"]}},"./node_modules/_react-redux@6.0.0@react-redux/es/connect/mergeProps.js":{"id":"./node_modules/_react-redux@6.0.0@react-redux/es/connect/mergeProps.js","buildMeta":{"exportsType":"namespace","providedExports":["defaultMergeProps","wrapMergePropsFunc","whenMergePropsIsFunction","whenMergePropsIsOmitted","default"]}},"./node_modules/_react-redux@6.0.0@react-redux/es/connect/selectorFactory.js":{"id":"./node_modules/_react-redux@6.0.0@react-redux/es/connect/selectorFactory.js","buildMeta":{"exportsType":"namespace","providedExports":["impureFinalPropsSelectorFactory","pureFinalPropsSelectorFactory","default"]}},"./node_modules/_react-redux@6.0.0@react-redux/es/connect/verifySubselectors.js":{"id":"./node_modules/_react-redux@6.0.0@react-redux/es/connect/verifySubselectors.js","buildMeta":{"exportsType":"namespace","providedExports":["default"]}},"./node_modules/_react-router@4.3.1@react-router/es/index.js":{"id":"./node_modules/_react-router@4.3.1@react-router/es/index.js","buildMeta":{"exportsType":"namespace","providedExports":["MemoryRouter","Prompt","Redirect","Route","Router","StaticRouter","Switch","generatePath","matchPath","withRouter"]}},"./node_modules/_react-router@4.3.1@react-router/es/MemoryRouter.js":{"id":"./node_modules/_react-router@4.3.1@react-router/es/MemoryRouter.js","buildMeta":{"exportsType":"namespace","providedExports":["default"]}},"./node_modules/_warning@4.0.2@warning/warning.js":{"id":"./node_modules/_warning@4.0.2@warning/warning.js","buildMeta":{"providedExports":true}},"./node_modules/_history@4.7.2@history/es/index.js":{"id":"./node_modules/_history@4.7.2@history/es/index.js","buildMeta":{"exportsType":"namespace","providedExports":["createBrowserHistory","createHashHistory","createMemoryHistory","createLocation","locationsAreEqual","parsePath","createPath"]}},"./node_modules/_history@4.7.2@history/es/createBrowserHistory.js":{"id":"./node_modules/_history@4.7.2@history/es/createBrowserHistory.js","buildMeta":{"exportsType":"namespace","providedExports":["default"]}},"./node_modules/_warning@3.0.0@warning/browser.js":{"id":"./node_modules/_warning@3.0.0@warning/browser.js","buildMeta":{"providedExports":true}},"./node_modules/_history@4.7.2@history/es/LocationUtils.js":{"id":"./node_modules/_history@4.7.2@history/es/LocationUtils.js","buildMeta":{"exportsType":"namespace","providedExports":["createLocation","locationsAreEqual"]}},"./node_modules/_resolve-pathname@2.2.0@resolve-pathname/index.js":{"id":"./node_modules/_resolve-pathname@2.2.0@resolve-pathname/index.js","buildMeta":{"exportsType":"namespace","providedExports":["default"]}},"./node_modules/_value-equal@0.4.0@value-equal/index.js":{"id":"./node_modules/_value-equal@0.4.0@value-equal/index.js","buildMeta":{"exportsType":"namespace","providedExports":["default"]}},"./node_modules/_history@4.7.2@history/es/PathUtils.js":{"id":"./node_modules/_history@4.7.2@history/es/PathUtils.js","buildMeta":{"exportsType":"namespace","providedExports":["addLeadingSlash","stripLeadingSlash","hasBasename","stripBasename","stripTrailingSlash","parsePath","createPath"]}},"./node_modules/_history@4.7.2@history/es/createTransitionManager.js":{"id":"./node_modules/_history@4.7.2@history/es/createTransitionManager.js","buildMeta":{"exportsType":"namespace","providedExports":["default"]}},"./node_modules/_history@4.7.2@history/es/DOMUtils.js":{"id":"./node_modules/_history@4.7.2@history/es/DOMUtils.js","buildMeta":{"exportsType":"namespace","providedExports":["canUseDOM","addEventListener","removeEventListener","getConfirmation","supportsHistory","supportsPopStateOnHashChange","supportsGoWithoutReloadUsingHash","isExtraneousPopstateEvent"]}},"./node_modules/_history@4.7.2@history/es/createHashHistory.js":{"id":"./node_modules/_history@4.7.2@history/es/createHashHistory.js","buildMeta":{"exportsType":"namespace","providedExports":["default"]}},"./node_modules/_history@4.7.2@history/es/createMemoryHistory.js":{"id":"./node_modules/_history@4.7.2@history/es/createMemoryHistory.js","buildMeta":{"exportsType":"namespace","providedExports":["default"]}},"./node_modules/_react-router@4.3.1@react-router/es/Router.js":{"id":"./node_modules/_react-router@4.3.1@react-router/es/Router.js","buildMeta":{"exportsType":"namespace","providedExports":["default"]}},"./node_modules/_react-router@4.3.1@react-router/es/Prompt.js":{"id":"./node_modules/_react-router@4.3.1@react-router/es/Prompt.js","buildMeta":{"exportsType":"namespace","providedExports":["default"]}},"./node_modules/_react-router@4.3.1@react-router/es/Redirect.js":{"id":"./node_modules/_react-router@4.3.1@react-router/es/Redirect.js","buildMeta":{"exportsType":"namespace","providedExports":["default"]}},"./node_modules/_react-router@4.3.1@react-router/es/generatePath.js":{"id":"./node_modules/_react-router@4.3.1@react-router/es/generatePath.js","buildMeta":{"exportsType":"namespace","providedExports":["default"]}},"./node_modules/_path-to-regexp@1.7.0@path-to-regexp/index.js":{"id":"./node_modules/_path-to-regexp@1.7.0@path-to-regexp/index.js","buildMeta":{"providedExports":true}},"./node_modules/_isarray@0.0.1@isarray/index.js":{"id":"./node_modules/_isarray@0.0.1@isarray/index.js","buildMeta":{"providedExports":true}},"./node_modules/_connected-react-router@6.0.0@connected-react-router/lib/index.js":{"id":"./node_modules/_connected-react-router@6.0.0@connected-react-router/lib/index.js","buildMeta":{"providedExports":true}},"./node_modules/_react-router@4.3.1@react-router/es/matchPath.js":{"id":"./node_modules/_react-router@4.3.1@react-router/es/matchPath.js","buildMeta":{"exportsType":"namespace","providedExports":["default"]}},"./node_modules/_react-router@4.3.1@react-router/es/StaticRouter.js":{"id":"./node_modules/_react-router@4.3.1@react-router/es/StaticRouter.js","buildMeta":{"exportsType":"namespace","providedExports":["default"]}},"./node_modules/_react-router@4.3.1@react-router/es/Switch.js":{"id":"./node_modules/_react-router@4.3.1@react-router/es/Switch.js","buildMeta":{"exportsType":"namespace","providedExports":["default"]}},"./node_modules/_react-router@4.3.1@react-router/es/withRouter.js":{"id":"./node_modules/_react-router@4.3.1@react-router/es/withRouter.js","buildMeta":{"exportsType":"namespace","providedExports":["default"]}},"./node_modules/_hoist-non-react-statics@2.5.5@hoist-non-react-statics/dist/hoist-non-react-statics.cjs.js":{"id":"./node_modules/_hoist-non-react-statics@2.5.5@hoist-non-react-statics/dist/hoist-non-react-statics.cjs.js","buildMeta":{"providedExports":true}},"./node_modules/_connected-react-router@6.0.0@connected-react-router/lib/selectors.js":{"id":"./node_modules/_connected-react-router@6.0.0@connected-react-router/lib/selectors.js","buildMeta":{"providedExports":true}},"./node_modules/_connected-react-router@6.0.0@connected-react-router/lib/reducer.js":{"id":"./node_modules/_connected-react-router@6.0.0@connected-react-router/lib/reducer.js","buildMeta":{"providedExports":true}},"./node_modules/_connected-react-router@6.0.0@connected-react-router/lib/middleware.js":{"id":"./node_modules/_connected-react-router@6.0.0@connected-react-router/lib/middleware.js","buildMeta":{"providedExports":true}},"./node_modules/_connected-react-router@6.0.0@connected-react-router/lib/structure/plain/index.js":{"id":"./node_modules/_connected-react-router@6.0.0@connected-react-router/lib/structure/plain/index.js","buildMeta":{"providedExports":true}},"./node_modules/_connected-react-router@6.0.0@connected-react-router/lib/structure/plain/getIn.js":{"id":"./node_modules/_connected-react-router@6.0.0@connected-react-router/lib/structure/plain/getIn.js","buildMeta":{"providedExports":true}},"./node_modules/_react-dom@16.7.0-alpha.2@react-dom/index.js":{"id":"./node_modules/_react-dom@16.7.0-alpha.2@react-dom/index.js","buildMeta":{"providedExports":true}},"./node_modules/_react-dom@16.7.0-alpha.2@react-dom/cjs/react-dom.development.js":{"id":"./node_modules/_react-dom@16.7.0-alpha.2@react-dom/cjs/react-dom.development.js","buildMeta":{"providedExports":true}},"./node_modules/_scheduler@0.12.0-alpha.3@scheduler/index.js":{"id":"./node_modules/_scheduler@0.12.0-alpha.3@scheduler/index.js","buildMeta":{"providedExports":true}},"./node_modules/_scheduler@0.12.0-alpha.3@scheduler/cjs/scheduler.development.js":{"id":"./node_modules/_scheduler@0.12.0-alpha.3@scheduler/cjs/scheduler.development.js","buildMeta":{"providedExports":true}},"./node_modules/_scheduler@0.12.0-alpha.3@scheduler/tracing.js":{"id":"./node_modules/_scheduler@0.12.0-alpha.3@scheduler/tracing.js","buildMeta":{"providedExports":true}},"./node_modules/_scheduler@0.12.0-alpha.3@scheduler/cjs/scheduler-tracing.development.js":{"id":"./node_modules/_scheduler@0.12.0-alpha.3@scheduler/cjs/scheduler-tracing.development.js","buildMeta":{"providedExports":true}},"./node_modules/_react-router-dom@4.3.1@react-router-dom/es/index.js":{"id":"./node_modules/_react-router-dom@4.3.1@react-router-dom/es/index.js","buildMeta":{"exportsType":"namespace","providedExports":["BrowserRouter","HashRouter","Link","MemoryRouter","NavLink","Prompt","Redirect","Route","Router","StaticRouter","Switch","generatePath","matchPath","withRouter"]}},"./node_modules/_react-router-dom@4.3.1@react-router-dom/es/BrowserRouter.js":{"id":"./node_modules/_react-router-dom@4.3.1@react-router-dom/es/BrowserRouter.js","buildMeta":{"exportsType":"namespace","providedExports":["default"]}},"./node_modules/_react-router-dom@4.3.1@react-router-dom/es/Router.js":{"id":"./node_modules/_react-router-dom@4.3.1@react-router-dom/es/Router.js","buildMeta":{"exportsType":"namespace","providedExports":["default"]}},"./node_modules/_react-router-dom@4.3.1@react-router-dom/es/HashRouter.js":{"id":"./node_modules/_react-router-dom@4.3.1@react-router-dom/es/HashRouter.js","buildMeta":{"exportsType":"namespace","providedExports":["default"]}},"./node_modules/_react-router-dom@4.3.1@react-router-dom/es/Link.js":{"id":"./node_modules/_react-router-dom@4.3.1@react-router-dom/es/Link.js","buildMeta":{"exportsType":"namespace","providedExports":["default"]}},"./node_modules/_react-router-dom@4.3.1@react-router-dom/es/MemoryRouter.js":{"id":"./node_modules/_react-router-dom@4.3.1@react-router-dom/es/MemoryRouter.js","buildMeta":{"exportsType":"namespace","providedExports":["default"]}},"./node_modules/_react-router-dom@4.3.1@react-router-dom/es/NavLink.js":{"id":"./node_modules/_react-router-dom@4.3.1@react-router-dom/es/NavLink.js","buildMeta":{"exportsType":"namespace","providedExports":["default"]}},"./node_modules/_react-router-dom@4.3.1@react-router-dom/es/Route.js":{"id":"./node_modules/_react-router-dom@4.3.1@react-router-dom/es/Route.js","buildMeta":{"exportsType":"namespace","providedExports":["default"]}},"./node_modules/_react-router-dom@4.3.1@react-router-dom/es/Prompt.js":{"id":"./node_modules/_react-router-dom@4.3.1@react-router-dom/es/Prompt.js","buildMeta":{"exportsType":"namespace","providedExports":["default"]}},"./node_modules/_react-router-dom@4.3.1@react-router-dom/es/Redirect.js":{"id":"./node_modules/_react-router-dom@4.3.1@react-router-dom/es/Redirect.js","buildMeta":{"exportsType":"namespace","providedExports":["default"]}},"./node_modules/_react-router-dom@4.3.1@react-router-dom/es/StaticRouter.js":{"id":"./node_modules/_react-router-dom@4.3.1@react-router-dom/es/StaticRouter.js","buildMeta":{"exportsType":"namespace","providedExports":["default"]}},"./node_modules/_react-router-dom@4.3.1@react-router-dom/es/Switch.js":{"id":"./node_modules/_react-router-dom@4.3.1@react-router-dom/es/Switch.js","buildMeta":{"exportsType":"namespace","providedExports":["default"]}},"./node_modules/_react-router-dom@4.3.1@react-router-dom/es/generatePath.js":{"id":"./node_modules/_react-router-dom@4.3.1@react-router-dom/es/generatePath.js","buildMeta":{"exportsType":"namespace","providedExports":["default"]}},"./node_modules/_react-router-dom@4.3.1@react-router-dom/es/matchPath.js":{"id":"./node_modules/_react-router-dom@4.3.1@react-router-dom/es/matchPath.js","buildMeta":{"exportsType":"namespace","providedExports":["default"]}},"./node_modules/_react-router-dom@4.3.1@react-router-dom/es/withRouter.js":{"id":"./node_modules/_react-router-dom@4.3.1@react-router-dom/es/withRouter.js","buildMeta":{"exportsType":"namespace","providedExports":["default"]}},"./node_modules/_redux-persist@5.10.0@redux-persist/es/index.js":{"id":"./node_modules/_redux-persist@5.10.0@redux-persist/es/index.js","buildMeta":{"exportsType":"namespace","providedExports":["persistReducer","persistCombineReducers","persistStore","createMigrate","createTransform","getStoredState","createPersistoid","purgeStoredState","KEY_PREFIX","FLUSH","REHYDRATE","PAUSE","PERSIST","PURGE","REGISTER","DEFAULT_VERSION"]}},"./node_modules/_redux-persist@5.10.0@redux-persist/es/persistReducer.js":{"id":"./node_modules/_redux-persist@5.10.0@redux-persist/es/persistReducer.js","buildMeta":{"exportsType":"namespace","providedExports":["default"]}},"./node_modules/_redux-persist@5.10.0@redux-persist/es/constants.js":{"id":"./node_modules/_redux-persist@5.10.0@redux-persist/es/constants.js","buildMeta":{"exportsType":"namespace","providedExports":["KEY_PREFIX","FLUSH","REHYDRATE","PAUSE","PERSIST","PURGE","REGISTER","DEFAULT_VERSION"]}},"./node_modules/_redux-persist@5.10.0@redux-persist/es/stateReconciler/autoMergeLevel1.js":{"id":"./node_modules/_redux-persist@5.10.0@redux-persist/es/stateReconciler/autoMergeLevel1.js","buildMeta":{"exportsType":"namespace","providedExports":["default"]}},"./node_modules/_redux-persist@5.10.0@redux-persist/es/createPersistoid.js":{"id":"./node_modules/_redux-persist@5.10.0@redux-persist/es/createPersistoid.js","buildMeta":{"exportsType":"namespace","providedExports":["default"]}},"./node_modules/_redux-persist@5.10.0@redux-persist/es/getStoredState.js":{"id":"./node_modules/_redux-persist@5.10.0@redux-persist/es/getStoredState.js","buildMeta":{"exportsType":"namespace","providedExports":["default"]}},"./node_modules/_redux-persist@5.10.0@redux-persist/es/purgeStoredState.js":{"id":"./node_modules/_redux-persist@5.10.0@redux-persist/es/purgeStoredState.js","buildMeta":{"exportsType":"namespace","providedExports":["default"]}},"./node_modules/_redux-persist@5.10.0@redux-persist/es/persistCombineReducers.js":{"id":"./node_modules/_redux-persist@5.10.0@redux-persist/es/persistCombineReducers.js","buildMeta":{"exportsType":"namespace","providedExports":["default"]}},"./node_modules/_redux-persist@5.10.0@redux-persist/es/stateReconciler/autoMergeLevel2.js":{"id":"./node_modules/_redux-persist@5.10.0@redux-persist/es/stateReconciler/autoMergeLevel2.js","buildMeta":{"exportsType":"namespace","providedExports":["default"]}},"./node_modules/_redux-persist@5.10.0@redux-persist/es/persistStore.js":{"id":"./node_modules/_redux-persist@5.10.0@redux-persist/es/persistStore.js","buildMeta":{"exportsType":"namespace","providedExports":["default"]}},"./node_modules/_redux-persist@5.10.0@redux-persist/es/createMigrate.js":{"id":"./node_modules/_redux-persist@5.10.0@redux-persist/es/createMigrate.js","buildMeta":{"exportsType":"namespace","providedExports":["default"]}},"./node_modules/_redux-persist@5.10.0@redux-persist/es/createTransform.js":{"id":"./node_modules/_redux-persist@5.10.0@redux-persist/es/createTransform.js","buildMeta":{"exportsType":"namespace","providedExports":["default"]}},"./node_modules/_redux-saga@0.16.2@redux-saga/es/index.js":{"id":"./node_modules/_redux-saga@0.16.2@redux-saga/es/index.js","buildMeta":{"exportsType":"namespace","providedExports":["default","runSaga","END","eventChannel","channel","buffers","takeEvery","takeLatest","throttle","delay","CANCEL","detach","effects","utils"]}},"./node_modules/_redux-saga@0.16.2@redux-saga/es/internal/middleware.js":{"id":"./node_modules/_redux-saga@0.16.2@redux-saga/es/internal/middleware.js","buildMeta":{"exportsType":"namespace","providedExports":["default"]}},"./node_modules/_redux-saga@0.16.2@redux-saga/es/internal/utils.js":{"id":"./node_modules/_redux-saga@0.16.2@redux-saga/es/internal/utils.js","buildMeta":{"exportsType":"namespace","providedExports":["sym","TASK","HELPER","MATCH","CANCEL","SAGA_ACTION","SELF_CANCELLATION","konst","kTrue","kFalse","noop","ident","check","hasOwn","is","object","remove","array","deferred","arrayOfDeffered","delay","createMockTask","autoInc","uid","makeIterator","log","deprecate","updateIncentive","internalErr","createSetContextWarning","wrapSagaDispatch","cloneableGenerator"]}},"./node_modules/_redux-saga@0.16.2@redux-saga/es/internal/channel.js":{"id":"./node_modules/_redux-saga@0.16.2@redux-saga/es/internal/channel.js","buildMeta":{"exportsType":"namespace","providedExports":["END","isEnd","emitter","INVALID_BUFFER","UNDEFINED_INPUT_ERROR","channel","eventChannel","stdChannel"]}},"./node_modules/_redux-saga@0.16.2@redux-saga/es/internal/buffers.js":{"id":"./node_modules/_redux-saga@0.16.2@redux-saga/es/internal/buffers.js","buildMeta":{"exportsType":"namespace","providedExports":["BUFFER_OVERFLOW","buffers"]}},"./node_modules/_redux-saga@0.16.2@redux-saga/es/internal/scheduler.js":{"id":"./node_modules/_redux-saga@0.16.2@redux-saga/es/internal/scheduler.js","buildMeta":{"exportsType":"namespace","providedExports":["asap","suspend","flush"]}},"./node_modules/_redux-saga@0.16.2@redux-saga/es/internal/runSaga.js":{"id":"./node_modules/_redux-saga@0.16.2@redux-saga/es/internal/runSaga.js","buildMeta":{"exportsType":"namespace","providedExports":["runSaga"]}},"./node_modules/_redux-saga@0.16.2@redux-saga/es/internal/proc.js":{"id":"./node_modules/_redux-saga@0.16.2@redux-saga/es/internal/proc.js","buildMeta":{"exportsType":"namespace","providedExports":["NOT_ITERATOR_ERROR","CHANNEL_END","TASK_CANCEL","default"]}},"./node_modules/_redux-saga@0.16.2@redux-saga/es/internal/io.js":{"id":"./node_modules/_redux-saga@0.16.2@redux-saga/es/internal/io.js","buildMeta":{"exportsType":"namespace","providedExports":["detach","take","takem","put","all","race","call","apply","cps","fork","spawn","join","cancel","select","actionChannel","cancelled","flush","getContext","setContext","asEffect"]}},"./node_modules/_redux-saga@0.16.2@redux-saga/es/internal/sagaHelpers/index.js":{"id":"./node_modules/_redux-saga@0.16.2@redux-saga/es/internal/sagaHelpers/index.js","buildMeta":{"exportsType":"namespace","providedExports":["takeEvery","takeLatest","throttle","takeEveryHelper","takeLatestHelper","throttleHelper"]}},"./node_modules/_redux-saga@0.16.2@redux-saga/es/internal/sagaHelpers/takeEvery.js":{"id":"./node_modules/_redux-saga@0.16.2@redux-saga/es/internal/sagaHelpers/takeEvery.js","buildMeta":{"exportsType":"namespace","providedExports":["default"]}},"./node_modules/_redux-saga@0.16.2@redux-saga/es/internal/sagaHelpers/fsmIterator.js":{"id":"./node_modules/_redux-saga@0.16.2@redux-saga/es/internal/sagaHelpers/fsmIterator.js","buildMeta":{"exportsType":"namespace","providedExports":["qEnd","safeName","default"]}},"./node_modules/_redux-saga@0.16.2@redux-saga/es/internal/sagaHelpers/takeLatest.js":{"id":"./node_modules/_redux-saga@0.16.2@redux-saga/es/internal/sagaHelpers/takeLatest.js","buildMeta":{"exportsType":"namespace","providedExports":["default"]}},"./node_modules/_redux-saga@0.16.2@redux-saga/es/internal/sagaHelpers/throttle.js":{"id":"./node_modules/_redux-saga@0.16.2@redux-saga/es/internal/sagaHelpers/throttle.js","buildMeta":{"exportsType":"namespace","providedExports":["default"]}},"./node_modules/_redux-saga@0.16.2@redux-saga/es/effects.js":{"id":"./node_modules/_redux-saga@0.16.2@redux-saga/es/effects.js","buildMeta":{"exportsType":"namespace","providedExports":["take","takem","put","all","race","call","apply","cps","fork","spawn","join","cancel","select","actionChannel","cancelled","flush","getContext","setContext","takeEvery","takeLatest","throttle"]}},"./node_modules/_redux-saga@0.16.2@redux-saga/es/internal/io-helpers.js":{"id":"./node_modules/_redux-saga@0.16.2@redux-saga/es/internal/io-helpers.js","buildMeta":{"exportsType":"namespace","providedExports":["takeEvery","takeLatest","throttle"]}},"./node_modules/_redux-saga@0.16.2@redux-saga/es/utils.js":{"id":"./node_modules/_redux-saga@0.16.2@redux-saga/es/utils.js","buildMeta":{"exportsType":"namespace","providedExports":["TASK","SAGA_ACTION","noop","is","deferred","arrayOfDeffered","createMockTask","cloneableGenerator","asEffect","CHANNEL_END"]}}}}